,training,training eval,validation,testing
0,0.176539346575737,0.22458522511671666,,0.21653754654384794
1,0.1500997245311737,0.22682593349520475,,0.24674191361381895
2,0.15220807492733002,0.2219905561882339,,0.2406103289316571
3,0.15374654531478882,0.3530707387891534,,0.517944165638515
4,0.15616978704929352,0.24583081059055786,,0.2926604217953152
5,0.1420339047908783,0.2402661924492823,,0.29491882191763985
