,training,training eval,validation,testing
0,0.2382698953151703,0.30147744971251644,,0.23904355863730112
1,0.16649453341960907,0.19965442175391443,,0.1436416655778885
2,0.14066770672798157,0.19038810318863741,,0.14760474860668182
3,0.12717698514461517,0.19298526770905486,,0.14999201397101083
4,0.12666352093219757,0.19265602563025508,,0.15051921705404916
5,0.12738819420337677,0.20353722243481817,,0.1366546774903933
