,training,training eval,validation,testing
0,0.18065933883190155,0.2671861781309079,,0.21423278376460075
1,0.16649585962295532,0.23953626738520967,,0.22723712027072906
2,0.15714648365974426,0.25960655671893257,,0.1911226511001587
3,0.15629792213439941,0.23066013758488854,,0.26164668798446655
4,0.1621951162815094,0.24644922169830777,,0.2243933081626892
5,0.15844550728797913,0.2294992412391462,,0.31010739505290985
