,training,training eval,validation,testing
0,0.20407997071743011,0.18017526935128605,,0.23613915022349719
1,0.16273699700832367,0.18495849424579977,,0.1982808749784123
2,0.1686110496520996,0.19074748430697563,,0.2572735860718019
3,0.16070997714996338,0.1828824444625617,,0.19655623490160162
4,0.1747748851776123,0.19506171438520756,,0.15695394056312967
5,0.1712900847196579,0.18421676476521476,,0.21253226381359677
