,training,training eval,validation,testing
0,0.28841692209243774,0.27929054476773013,,0.17695676393452145
1,0.19600094854831696,0.2582171069452176,,0.16243102933679307
2,0.16449691355228424,0.24291641729327437,,0.16538689250037783
3,0.1812165528535843,0.23461735926973173,,0.17142791123617263
4,0.1683775633573532,0.27746154569065606,,0.16340711961189905
5,0.14818507432937622,0.24848855410616238,,0.14939600158305394
