,training,training eval,validation,testing
0,0.2430284470319748,0.19863810441150592,,0.45712282017550687
1,0.1692889928817749,0.17488770940982346,,0.4421048600678191
2,0.15345017611980438,0.19736476634406713,,0.4665805812022
3,0.1551898568868637,0.1668314217721921,,0.43654049695892766
4,0.18378761410713196,0.15818280517848718,,0.41116599411223875
5,0.14809468388557434,0.16817416418279332,,0.41312398445425613
